Workbook

Sheet Parámetros
A1: ⚙ Panel de Control — Asamblea Estudiantil
A2: Parámetro / Métrica | B2: Valor | C2: Editable | D2: Descripción
A3: CONSTANTES DEL SISTEMA — NO MODIFICAR
A4: Aforo Máximo | B4: 100 | C4: NO — constante fija | D4: Capacidad máxima del recinto en cualquier momento. Las llegadas se bloquean si el recinto está lleno.
A5: Tiempo Máximo de Asamblea (min) | B5: 240 | C5: NO — constante fija | D5: Límite de tiempo. El Tiempo del Último Evento (col I) se capea aquí; si lo alcanza, la asamblea se detiene automáticamente.
A6: PARÁMETROS CONFIGURABLES — MODIFICAR AQUÍ
A7: Quórum Mínimo (personas) | B7: 20 | C7: SÍ — modificar aquí | D7: Mín. personas en el recinto para que un voto sea válido.
A8: Quórum Decisorio (fracción) | B8: 0.5 | C8: SÍ — modificar aquí | D8: Fracción mín. de votos a favor para APROBAR (ej. 0.5 = mayoría simple).
A10: Número de Personas (o aleatorio) | B10: =RANDBETWEEN(1,200) -> 40 | C10: SÍ — modificar aquí | D10: Total de personas que intentan llegar. Puede superar 100; si el recinto está lleno al llegar, la persona queda fuera. Ponga un número fijo si no quiere aleatoriedad. (=ALEATORIO.ENTRE(1;200))
A11: Media entre Llegadas (min) | B11: 2 | C11: SÍ — modificar aquí | D11: Media de la dist. exponencial de inter-llegadas.
A12: Media de Permanencia (min) | B12: 90 | C12: SÍ — modificar aquí | D12: Media del tiempo que cada persona permanece en el recinto.
A13: Media de Intervención (min) | B13: 2 | C13: SÍ — modificar aquí | D13: Media de la dist. normal de duración de intervención.
A14: Desviación Est. Intervención | B14: 1 | C14: SÍ — modificar aquí | D14: Desviación estándar del tiempo de intervención.
A16: MÉTRICAS — CALCULADAS AUTOMÁTICAMENTE
A17: Total Personas que Llegaron | B17: =COUNTIF(Simulación!$B$3:$B$202,1) -> 40 | C17: NO — calculada | D17: Personas que efectivamente entraron al recinto (col B=1 en Simulación).
A19: Duración Real de la Asamblea (min) | B19: =IFERROR(MAX(Simulación!$I$3:$I$202),0) -> 138.04013 | C19: NO — calculada | D19: Momento en que terminó la votación de la última intervención (col I). Capeado en 240 min. Cuando lo alcanza, la asamblea se detiene.
A20: N° de Intervenciones (= N° votaciones) | B20: =COUNTIF(Simulación!$B$3:$B$202,1) -> 40 | C20: NO — calculada | D20: Toda persona activa interviene y vota. Número = personas llegadas.
A22: Votaciones Aprobadas | B22: =COUNTIF(Simulación!$P$3:$P$202,"APROBADO") -> 6 | C22: NO — calculada
A23: Votaciones No Aprobadas | B23: =COUNTIF(Simulación!$P$3:$P$202,"NO APROBADO") -> 6 | C23: NO — calculada
A24: Votaciones Sin Quórum | B24: =COUNTIF(Simulación!$P3:$P$202,"NO APROBADA - Sin quórum") -> 13 | C24: NO — calculada
A25: Tasa de Aprobación | B25: =IF(B20>0,B22/B20,0) -> 0.15 | C25: NO — calculada | D25: Aprobadas / Total de votaciones.
A26: Tasa de Quórum Alcanzado | B26: =IFERROR(COUNTIF(Simulación!$O$3:$O$202,"SÍ")/B20,0) -> 0.3 | C26: NO — calculada | D26: Votaciones donde sí hubo quórum / Total.
A28: Tiempo Promedio por Decisión (min) | B28: =IFERROR(B19/B20,0) -> 3.4510032 | C28: NO — calculada | D28: Minutos de agenda por cada intervención+votación. Menos = más eficiente.
A29: Decisiones por Hora | B29: =IFERROR(B20*60/B19,0) -> 17.386249 | C29: NO — calculada | D29: Intervenciones+votaciones completadas por hora de asamblea. Más = más eficiente.
A30: Ritmo Esperado por Decisión (min) | B30: =$B$13+3.5 -> 5.5 | C30: NO — calculada | D30: Tiempo teórico esperado por decisión = Media Intervención + Media Votación (3,5 porque es el promedio entre 2 y 5, que son los tiempos establecidos de votación).
A32: ÍNDICE DE EFICIENCIA — Menos tiempo por decisión -> mejor
A33: Componente Velocidad Decisional (50%) | B33: =0.5*MIN(1,IF(B19>0,(B20*B30)/B19,0)) -> 0.5 | C33: NO — calculada | D33: 0.5 × MIN(1; ritmo_esperado / ritmo_actual). = 1 si van al ritmo esperado o más rápido.
A34: Componente Quórum (30%) | B34: =0.3*B26 -> 0.09 | C34: NO — calculada | D34: 0.3 × tasa de quórum alcanzado.
A35: Componente Aprobación (20%) | B35: =0.2*B25 -> 0.03 | C35: NO — calculada | D35: 0.2 × tasa de aprobación de votaciones.
A36: ÍNDICE DE EFICIENCIA [0–1] | B36: =B33+B34+B35 -> 0.62 | C36: NO — calculada | D36: 50% velocidad + 30% quórum + 20% aprobación. Rango 0 (ineficiente) a 1 (máxima eficiencia).
A37: Clasificación | B37: =IF(B36>=0.7,"ALTA EFICIENCIA",IF(B36>=0.4,"EFICIENCIA MEDIA","BAJA EFICIENCIA")) -> EFICIENCIA MEDIA | C37: NO — calculada | D37: Umbral: ≥0.7 = alta | ≥0.4 = media | <0.4 = baja

Sheet Simulación
A1: N° Persona | B1: Activo (ayuda) | C1: Tiempo entrada (Δt) | D1: Tiempo de Llegada | E1: Tipo de Evento | F1: Tiempo de Servicio | G1: Inicio Intervención | H1: Fin Intervención | I1: T. Últ. Intervención | J1: Dur. Votación | K1: Tiempo Últ. Evento | L1: Tiempo de Permanencia | M1: Tiempo de Salida | N1: Personas al Votar | O1: ¿Quórum alcanzado? | P1: Resultado de Votación
A2: Número de orden de llegada al recinto. | B2: 1 = esta persona está activa en la asamblea. 0 = la asamblea ya terminó (por tiempo o aforo). | C2: Tiempo entre llegadas, modelado con una distribución exponencial negativa de media = parámetro 'Media Llegadas'. | D2: Tiempo acumulado desde el inicio hasta la llegada de esta persona. Se detiene en el tiempo máximo de asamblea (240 min). | E2: INTERVENCIÓN: la persona da un discurso y luego se vota. VOTACIÓN: la persona solo asiste y vota. La primera persona siempre interviene. | F2: Duración de la intervención (dist. normal truncada). 0 si el evento es VOTACIÓN. | G2: Tiempo en la agenda en que comienza la intervención (= Tiempo Último Evento de la persona anterior). | H2: Tiempo en la agenda en que termina la intervención (= Inicio + Tiempo de Servicio). | I2: Acumula el tiempo de fin de la última intervención ocurrida. Se actualiza sólo en eventos INTERVENCIÓN. | J2: Tiempo destinado a la votación que sigue a cada intervención (entre 2 y 5 minutos). 0 si el evento es VOTACIÓN. | K2: Tiempo total de agenda al final del último evento completado (intervención + su votación). Si supera 240 min, la asamblea se detiene. | L2: Tiempo que la persona permanece en el recinto (distribución exponencial, acotada por el tiempo restante de asamblea). | M2: Momento en que la persona sale del recinto (= Tiempo de Llegada + Tiempo de Permanencia). | N2: En eventos VOTACIÓN: cuántas personas estaban en el recinto en ese momento (llegaron y aún no habían salido). '-' en INTERVENCIÓN. | O2: SÍ si el número de personas presentes al votar ≥ Quórum Mínimo. '-' en INTERVENCIÓN. | P2: APROBADO / NO APROBADO (aleatorio si hay quórum). NO APROBADA - Sin quórum (si personas < mínimo). '-' en INTERVENCIÓN.
A3: 1 | B3: 1 | C3: =-Parámetros!$B$11*LN(1-RAND()) -> 1.7031254 | D3: =C3 -> 1.7031254 | E3: INTERVENCIÓN | F3: =ABS(NORMINV(RAND(),Parámetros!$B$13,Parámetros!$B$14)) -> 2.429354 | G3: =0 -> 0 | H3: =F3+G3 -> 2.429354 | I3: =H3 -> 2.429354 | J3: =RANDBETWEEN(2,5) -> 5 | K3: =I3+J3 -> 7.429354 | L3: =MIN(Parámetros!$B$5-D3,-Parámetros!$B$12*LN(1-RAND())) -> 111.91177 | M3: =D3+L3 -> 113.6149 | N3: =IF(E3="INTERVENCIÓN",COUNTIFS($D$3:$D$102,"<="&D3,$M$3:$M$102,">="&D3),"-") -> 1 | O3: =IF(E3="INTERVENCIÓN",IF(N3>=Parámetros!$B$7,"SÍ","NO"),"-") -> NO | P3: =IF(E3="INTERVENCIÓN",IF(N3>=Parámetros!$B$7,CHOOSE(RANDBETWEEN(1,2),"APROBADO","NO APROBADO"),"NO APROBADA - Sin quórum"),"-") -> NO APROBADA - Sin quórum
A4: =IF(B4,A3+1,"") -> 2 | B4: =IF(AND(ISNUMBER(D3),D3<Parámetros!$B$5,ISNUMBER(K3),K3<Parámetros!$B$5,A3<MIN(Parámetros!$B$4,Parámetros!$B$10)),1,0) -> 1 | C4: =IF(B4,-Parámetros!$B$11*LN(1-RAND()),"") -> 1.8840264 | D4: =IF(B4,MIN(D3+C4,Parámetros!$B$5),"") -> 3.5871518 | E4: =IF(B4,CHOOSE(RANDBETWEEN(1,2),"INTERVENCIÓN","VOTACIÓN"),"") -> INTERVENCIÓN | F4: =IF(B4,ABS(IF(E4="INTERVENCIÓN",NORMINV(RAND(),Parámetros!$B$13,Parámetros!$B$14),0)),"") -> 1.1221349 | G4: =IF(B4,IF(E4="INTERVENCIÓN",K3,"Sin intervención"),"") -> 7.429354 | H4: =IF(B4,IF(G4="Sin intervención","Sin intervención",F4+G4),"") -> 8.5514889 | I4: =IF(B4,IF(E4="VOTACIÓN",I3,H4),"") -> 8.5514889 | J4: =IF(B4,IF(E4="INTERVENCIÓN",RANDBETWEEN(2,5),0),"") -> 5 | K4: =IF(B4,IF(E4="VOTACIÓN",K3,I4+J4),"") -> 13.551489 | L4: =IF(B4,MIN(Parámetros!$B$5-D4,-Parámetros!$B$12*LN(1-RAND())),"") -> 236.41285 | M4: =IF(B4,D4+L4,"") -> 240 | N4: =IF(E4="INTERVENCIÓN",COUNTIFS($D$3:$D$102,"<="&D4,$M$3:$M$102,">="&D4),"-") -> 2 | O4: =IF(E4="INTERVENCIÓN",IF(N4>=Parámetros!$B$7,"SÍ","NO"),"-") -> NO | P4: =IF(E4="INTERVENCIÓN",IF(N4>=Parámetros!$B$7,CHOOSE(RANDBETWEEN(1,2),"APROBADO","NO APROBADO"),"NO APROBADA - Sin quórum"),"-") -> NO APROBADA - Sin quórum
A5: =IF(B5,A4+1,"") -> 3 | B5: =IF(AND(ISNUMBER(D4),D4<Parámetros!$B$5,ISNUMBER(K4),K4<Parámetros!$B$5,A4<MIN(Parámetros!$B$4,Parámetros!$B$10)),1,0) -> 1 | C5: =IF(B5,-Parámetros!$B$11*LN(1-RAND()),"") -> 4.5853653 | D5: =IF(B5,MIN(D4+C5,Parámetros!$B$5),"") -> 8.1725171 | E5: =IF(B5,CHOOSE(RANDBETWEEN(1,2),"INTERVENCIÓN","VOTACIÓN"),"") -> VOTACIÓN | F5: =IF(B5,ABS(IF(E5="INTERVENCIÓN",NORMINV(RAND(),Parámetros!$B$13,Parámetros!$B$14),0)),"") -> 0 | G5: =IF(B5,IF(E5="INTERVENCIÓN",K4,"Sin intervención"),"") -> Sin intervención | H5: =IF(B5,IF(G5="Sin intervención","Sin intervención",F5+G5),"") -> Sin intervención | I5: =IF(B5,IF(E5="VOTACIÓN",I4,H5),"") -> 8.5514889 | J5: =IF(B5,IF(E5="INTERVENCIÓN",RANDBETWEEN(2,5),0),"") -> 0 | K5: =IF(B5,IF(E5="VOTACIÓN",K4,I5+J5),"") -> 13.551489 | L5: =IF(B5,MIN(Parámetros!$B$5-D5,-Parámetros!$B$12*LN(1-RAND())),"") -> 160.21704 | M5: =IF(B5,D5+L5,"") -> 168.38956 | N5: =IF(E5="INTERVENCIÓN",COUNTIFS($D$3:$D$102,"<="&D5,$M$3:$M$102,">="&D5),"-") -> - | O5: =IF(E5="INTERVENCIÓN",IF(N5>=Parámetros!$B$7,"SÍ","NO"),"-") -> - | P5: =IF(E5="INTERVENCIÓN",IF(N5>=Parámetros!$B$7,CHOOSE(RANDBETWEEN(1,2),"APROBADO","NO APROBADO"),"NO APROBADA - Sin quórum"),"-") -> -
A6: =IF(B6,A5+1,"") -> 4 | B6: =IF(AND(ISNUMBER(D5),D5<Parámetros!$B$5,ISNUMBER(K5),K5<Parámetros!$B$5,A5<MIN(Parámetros!$B$4,Parámetros!$B$10)),1,0) -> 1 | C6: =IF(B6,-Parámetros!$B$11*LN(1-RAND()),"") -> 0.65435659 | D6: =IF(B6,MIN(D5+C6,Parámetros!$B$5),"") -> 8.8268737 | E6: =IF(B6,CHOOSE(RANDBETWEEN(1,2),"INTERVENCIÓN","VOTACIÓN"),"") -> INTERVENCIÓN | F6: =IF(B6,ABS(IF(E6="INTERVENCIÓN",NORMINV(RAND(),Parámetros!$B$13,Parámetros!$B$14),0)),"") -> 2.4136257 | G6: =IF(B6,IF(E6="INTERVENCIÓN",K5,"Sin intervención"),"") -> 13.551489 | H6: =IF(B6,IF(G6="Sin intervención","Sin intervención",F6+G6),"") -> 15.965115 | I6: =IF(B6,IF(E6="VOTACIÓN",I5,H6),"") -> 15.965115 | J6: =IF(B6,IF(E6="INTERVENCIÓN",RANDBETWEEN(2,5),0),"") -> 5 | K6: =IF(B6,IF(E6="VOTACIÓN",K5,I6+J6),"") -> 20.965115 | L6: =IF(B6,MIN(Parámetros!$B$5-D6,-Parámetros!$B$12*LN(1-RAND())),"") -> 25.984389 | M6: =IF(B6,D6+L6,"") -> 34.811263 | N6: =IF(E6="INTERVENCIÓN",COUNTIFS($D$3:$D$102,"<="&D6,$M$3:$M$102,">="&D6),"-") -> 4 | O6: =IF(E6="INTERVENCIÓN",IF(N6>=Parámetros!$B$7,"SÍ","NO"),"-") -> NO | P6: =IF(E6="INTERVENCIÓN",IF(N6>=Parámetros!$B$7,CHOOSE(RANDBETWEEN(1,2),"APROBADO","NO APROBADO"),"NO APROBADA - Sin quórum"),"-") -> NO APROBADA - Sin quórum
A7: =IF(B7,A6+1,"") -> 5 | B7: =IF(AND(ISNUMBER(D6),D6<Parámetros!$B$5,ISNUMBER(K6),K6<Parámetros!$B$5,A6<MIN(Parámetros!$B$4,Parámetros!$B$10)),1,0) -> 1 | C7: =IF(B7,-Parámetros!$B$11*LN(1-RAND()),"") -> 1.7829321 | D7: =IF(B7,MIN(D6+C7,Parámetros!$B$5),"") -> 10.609806 | E7: =IF(B7,CHOOSE(RANDBETWEEN(1,2),"INTERVENCIÓN","VOTACIÓN"),"") -> INTERVENCIÓN | F7: =IF(B7,ABS(IF(E7="INTERVENCIÓN",NORMINV(RAND(),Parámetros!$B$13,Parámetros!$B$14),0)),"") -> 3.7502976 | G7: =IF(B7,IF(E7="INTERVENCIÓN",K6,"Sin intervención"),"") -> 20.965115 | H7: =IF(B7,IF(G7="Sin intervención","Sin intervención",F7+G7),"") -> 24.715412 | I7: =IF(B7,IF(E7="VOTACIÓN",I6,H7),"") -> 24.715412 | J7: =IF(B7,IF(E7="INTERVENCIÓN",RANDBETWEEN(2,5),0),"") -> 3 | K7: =IF(B7,IF(E7="VOTACIÓN",K6,I7+J7),"") -> 27.715412 | L7: =IF(B7,MIN(Parámetros!$B$5-D7,-Parámetros!$B$12*LN(1-RAND())),"") -> 68.395666 | M7: =IF(B7,D7+L7,"") -> 79.005472 | N7: =IF(E7="INTERVENCIÓN",COUNTIFS($D$3:$D$102,"<="&D7,$M$3:$M$102,">="&D7),"-") -> 5 | O7: =IF(E7="INTERVENCIÓN",IF(N7>=Parámetros!$B$7,"SÍ","NO"),"-") -> NO | P7: =IF(E7="INTERVENCIÓN",IF(N7>=Parámetros!$B$7,CHOOSE(RANDBETWEEN(1,2),"APROBADO","NO APROBADO"),"NO APROBADA - Sin quórum"),"-") -> NO APROBADA - Sin quórum
A8: =IF(B8,A7+1,"") -> 6 | B8: =IF(AND(ISNUMBER(D7),D7<Parámetros!$B$5,ISNUMBER(K7),K7<Parámetros!$B$5,A7<MIN(Parámetros!$B$4,Parámetros!$B$10)),1,0) -> 1 | C8: =IF(B8,-Parámetros!$B$11*LN(1-RAND()),"") -> 7.3824383 | D8: =IF(B8,MIN(D7+C8,Parámetros!$B$5),"") -> 17.992244 | E8: =IF(B8,CHOOSE(RANDBETWEEN(1,2),"INTERVENCIÓN","VOTACIÓN"),"") -> INTERVENCIÓN | F8: =IF(B8,ABS(IF(E8="INTERVENCIÓN",NORMINV(RAND(),Parámetros!$B$13,Parámetros!$B$14),0)),"") -> 0.74119975 | G8: =IF(B8,IF(E8="INTERVENCIÓN",K7,"Sin intervención"),"") -> 27.715412 | H8: =IF(B8,IF(G8="Sin intervención","Sin intervención",F8+G8),"") -> 28.456612 | I8: =IF(B8,IF(E8="VOTACIÓN",I7,H8),"") -> 28.456612 | J8: =IF(B8,IF(E8="INTERVENCIÓN",RANDBETWEEN(2,5),0),"") -> 4 | K8: =IF(B8,IF(E8="VOTACIÓN",K7,I8+J8),"") -> 32.456612 | L8: =IF(B8,MIN(Parámetros!$B$5-D8,-Parámetros!$B$12*LN(1-RAND())),"") -> 73.512697 | M8: =IF(B8,D8+L8,"") -> 91.504941 | N8: =IF(E8="INTERVENCIÓN",COUNTIFS($D$3:$D$102,"<="&D8,$M$3:$M$102,">="&D8),"-") -> 6 | O8: =IF(E8="INTERVENCIÓN",IF(N8>=Parámetros!$B$7,"SÍ","NO"),"-") -> NO | P8: =IF(E8="INTERVENCIÓN",IF(N8>=Parámetros!$B$7,CHOOSE(RANDBETWEEN(1,2),"APROBADO","NO APROBADO"),"NO APROBADA - Sin quórum"),"-") -> NO APROBADA - Sin quórum
A9: =IF(B9,A8+1,"") -> 7 | B9: =IF(AND(ISNUMBER(D8),D8<Parámetros!$B$5,ISNUMBER(K8),K8<Parámetros!$B$5,A8<MIN(Parámetros!$B$4,Parámetros!$B$10)),1,0) -> 1 | C9: =IF(B9,-Parámetros!$B$11*LN(1-RAND()),"") -> 1.9336608 | D9: =IF(B9,MIN(D8+C9,Parámetros!$B$5),"") -> 19.925905 | E9: =IF(B9,CHOOSE(RANDBETWEEN(1,2),"INTERVENCIÓN","VOTACIÓN"),"") -> INTERVENCIÓN | F9: =IF(B9,ABS(IF(E9="INTERVENCIÓN",NORMINV(RAND(),Parámetros!$B$13,Parámetros!$B$14),0)),"") -> 1.9361352 | G9: =IF(B9,IF(E9="INTERVENCIÓN",K8,"Sin intervención"),"") -> 32.456612 | H9: =IF(B9,IF(G9="Sin intervención","Sin intervención",F9+G9),"") -> 34.392747 | I9: =IF(B9,IF(E9="VOTACIÓN",I8,H9),"") -> 34.392747 | J9: =IF(B9,IF(E9="INTERVENCIÓN",RANDBETWEEN(2,5),0),"") -> 4 | K9: =IF(B9,IF(E9="VOTACIÓN",K8,I9+J9),"") -> 38.392747 | L9: =IF(B9,MIN(Parámetros!$B$5-D9,-Parámetros!$B$12*LN(1-RAND())),"") -> 220.0741 | M9: =IF(B9,D9+L9,"") -> 240 | N9: =IF(E9="INTERVENCIÓN",COUNTIFS($D$3:$D$102,"<="&D9,$M$3:$M$102,">="&D9),"-") -> 7 | O9: =IF(E9="INTERVENCIÓN",IF(N9>=Parámetros!$B$7,"SÍ","NO"),"-") -> NO | P9: =IF(E9="INTERVENCIÓN",IF(N9>=Parámetros!$B$7,CHOOSE(RANDBETWEEN(1,2),"APROBADO","NO APROBADO"),"NO APROBADA - Sin quórum"),"-") -> NO APROBADA - Sin quórum
A10: =IF(B10,A9+1,"") -> 8 | B10: =IF(AND(ISNUMBER(D9),D9<Parámetros!$B$5,ISNUMBER(K9),K9<Parámetros!$B$5,A9<MIN(Parámetros!$B$4,Parámetros!$B$10)),1,0) -> 1 | C10: =IF(B10,-Parámetros!$B$11*LN(1-RAND()),"") -> 0.47084525 | D10: =IF(B10,MIN(D9+C10,Parámetros!$B$5),"") -> 20.39675 | E10: =IF(B10,CHOOSE(RANDBETWEEN(1,2),"INTERVENCIÓN","VOTACIÓN"),"") -> INTERVENCIÓN | F10: =IF(B10,ABS(IF(E10="INTERVENCIÓN",NORMINV(RAND(),Parámetros!$B$13,Parámetros!$B$14),0)),"") -> 1.6819625 | G10: =IF(B10,IF(E10="INTERVENCIÓN",K9,"Sin intervención"),"") -> 38.392747 | H10: =IF(B10,IF(G10="Sin intervención","Sin intervención",F10+G10),"") -> 40.07471 | I10: =IF(B10,IF(E10="VOTACIÓN",I9,H10),"") -> 40.07471 | J10: =IF(B10,IF(E10="INTERVENCIÓN",RANDBETWEEN(2,5),0),"") -> 4 | K10: =IF(B10,IF(E10="VOTACIÓN",K9,I10+J10),"") -> 44.07471 | L10: =IF(B10,MIN(Parámetros!$B$5-D10,-Parámetros!$B$12*LN(1-RAND())),"") -> 70.31569 | M10: =IF(B10,D10+L10,"") -> 90.71244 | N10: =IF(E10="INTERVENCIÓN",COUNTIFS($D$3:$D$102,"<="&D10,$M$3:$M$102,">="&D10),"-") -> 8 | O10: =IF(E10="INTERVENCIÓN",IF(N10>=Parámetros!$B$7,"SÍ","NO"),"-") -> NO | P10: =IF(E10="INTERVENCIÓN",IF(N10>=Parámetros!$B$7,CHOOSE(RANDBETWEEN(1,2),"APROBADO","NO APROBADO"),"NO APROBADA - Sin quórum"),"-") -> NO APROBADA - Sin quórum
A11: =IF(B11,A10+1,"") -> 9 | B11: =IF(AND(ISNUMBER(D10),D10<Parámetros!$B$5,ISNUMBER(K10),K10<Parámetros!$B$5,A10<MIN(Parámetros!$B$4,Parámetros!$B$10)),1,0) -> 1 | C11: =IF(B11,-Parámetros!$B$11*LN(1-RAND()),"") -> 1.8011466 | D11: =IF(B11,MIN(D10+C11,Parámetros!$B$5),"") -> 22.197897 | E11: =IF(B11,CHOOSE(RANDBETWEEN(1,2),"INTERVENCIÓN","VOTACIÓN"),"") -> VOTACIÓN | F11: =IF(B11,ABS(IF(E11="INTERVENCIÓN",NORMINV(RAND(),Parámetros!$B$13,Parámetros!$B$14),0)),"") -> 0 | G11: =IF(B11,IF(E11="INTERVENCIÓN",K10,"Sin intervención"),"") -> Sin intervención | H11: =IF(B11,IF(G11="Sin intervención","Sin intervención",F11+G11),"") -> Sin intervención | I11: =IF(B11,IF(E11="VOTACIÓN",I10,H11),"") -> 40.07471 | J11: =IF(B11,IF(E11="INTERVENCIÓN",RANDBETWEEN(2,5),0),"") -> 0 | K11: =IF(B11,IF(E11="VOTACIÓN",K10,I11+J11),"") -> 44.07471 | L11: =IF(B11,MIN(Parámetros!$B$5-D11,-Parámetros!$B$12*LN(1-RAND())),"") -> 33.449125 | M11: =IF(B11,D11+L11,"") -> 55.647022 | N11: =IF(E11="INTERVENCIÓN",COUNTIFS($D$3:$D$102,"<="&D11,$M$3:$M$102,">="&D11),"-") -> - | O11: =IF(E11="INTERVENCIÓN",IF(N11>=Parámetros!$B$7,"SÍ","NO"),"-") -> - | P11: =IF(E11="INTERVENCIÓN",IF(N11>=Parámetros!$B$7,CHOOSE(RANDBETWEEN(1,2),"APROBADO","NO APROBADO"),"NO APROBADA - Sin quórum"),"-") -> -
A12: =IF(B12,A11+1,"") -> 10 | B12: =IF(AND(ISNUMBER(D11),D11<Parámetros!$B$5,ISNUMBER(K11),K11<Parámetros!$B$5,A11<MIN(Parámetros!$B$4,Parámetros!$B$10)),1,0) -> 1 | C12: =IF(B12,-Parámetros!$B$11*LN(1-RAND()),"") -> 0.10924692 | D12: =IF(B12,MIN(D11+C12,Parámetros!$B$5),"") -> 22.307144 | E12: =IF(B12,CHOOSE(RANDBETWEEN(1,2),"INTERVENCIÓN","VOTACIÓN"),"") -> INTERVENCIÓN | F12: =IF(B12,ABS(IF(E12="INTERVENCIÓN",NORMINV(RAND(),Parámetros!$B$13,Parámetros!$B$14),0)),"") -> 3.5086353 | G12: =IF(B12,IF(E12="INTERVENCIÓN",K11,"Sin intervención"),"") -> 44.07471 | H12: =IF(B12,IF(G12="Sin intervención","Sin intervención",F12+G12),"") -> 47.583345 | I12: =IF(B12,IF(E12="VOTACIÓN",I11,H12),"") -> 47.583345 | J12: =IF(B12,IF(E12="INTERVENCIÓN",RANDBETWEEN(2,5),0),"") -> 2 | K12: =IF(B12,IF(E12="VOTACIÓN",K11,I12+J12),"") -> 49.583345 | L12: =IF(B12,MIN(Parámetros!$B$5-D12,-Parámetros!$B$12*LN(1-RAND())),"") -> 26.555856 | M12: =IF(B12,D12+L12,"") -> 48.863 | N12: =IF(E12="INTERVENCIÓN",COUNTIFS($D$3:$D$102,"<="&D12,$M$3:$M$102,">="&D12),"-") -> 10 | O12: =IF(E12="INTERVENCIÓN",IF(N12>=Parámetros!$B$7,"SÍ","NO"),"-") -> NO | P12: =IF(E12="INTERVENCIÓN",IF(N12>=Parámetros!$B$7,CHOOSE(RANDBETWEEN(1,2),"APROBADO","NO APROBADO"),"NO APROBADA - Sin quórum"),"-") -> NO APROBADA - Sin quórum
A13: =IF(B13,A12+1,"") -> 11 | B13: =IF(AND(ISNUMBER(D12),D12<Parámetros!$B$5,ISNUMBER(K12),K12<Parámetros!$B$5,A12<MIN(Parámetros!$B$4,Parámetros!$B$10)),1,0) -> 1 | C13: =IF(B13,-Parámetros!$B$11*LN(1-RAND()),"") -> 3.846406 | D13: =IF(B13,MIN(D12+C13,Parámetros!$B$5),"") -> 26.15355 | E13: =IF(B13,CHOOSE(RANDBETWEEN(1,2),"INTERVENCIÓN","VOTACIÓN"),"") -> VOTACIÓN | F13: =IF(B13,ABS(IF(E13="INTERVENCIÓN",NORMINV(RAND(),Parámetros!$B$13,Parámetros!$B$14),0)),"") -> 0 | G13: =IF(B13,IF(E13="INTERVENCIÓN",K12,"Sin intervención"),"") -> Sin intervención | H13: =IF(B13,IF(G13="Sin intervención","Sin intervención",F13+G13),"") -> Sin intervención | I13: =IF(B13,IF(E13="VOTACIÓN",I12,H13),"") -> 47.583345 | J13: =IF(B13,IF(E13="INTERVENCIÓN",RANDBETWEEN(2,5),0),"") -> 0 | K13: =IF(B13,IF(E13="VOTACIÓN",K12,I13+J13),"") -> 49.583345 | L13: =IF(B13,MIN(Parámetros!$B$5-D13,-Parámetros!$B$12*LN(1-RAND())),"") -> 0.61101944 | M13: =IF(B13,D13+L13,"") -> 26.764569 | N13: =IF(E13="INTERVENCIÓN",COUNTIFS($D$3:$D$102,"<="&D13,$M$3:$M$102,">="&D13),"-") -> - | O13: =IF(E13="INTERVENCIÓN",IF(N13>=Parámetros!$B$7,"SÍ","NO"),"-") -> - | P13: =IF(E13="INTERVENCIÓN",IF(N13>=Parámetros!$B$7,CHOOSE(RANDBETWEEN(1,2),"APROBADO","NO APROBADO"),"NO APROBADA - Sin quórum"),"-") -> -
A14: =IF(B14,A13+1,"") -> 12 | B14: =IF(AND(ISNUMBER(D13),D13<Parámetros!$B$5,ISNUMBER(K13),K13<Parámetros!$B$5,A13<MIN(Parámetros!$B$4,Parámetros!$B$10)),1,0) -> 1 | C14: =IF(B14,-Parámetros!$B$11*LN(1-RAND()),"") -> 2.6523013 | D14: =IF(B14,MIN(D13+C14,Parámetros!$B$5),"") -> 28.805851 | E14: =IF(B14,CHOOSE(RANDBETWEEN(1,2),"INTERVENCIÓN","VOTACIÓN"),"") -> INTERVENCIÓN | F14: =IF(B14,ABS(IF(E14="INTERVENCIÓN",NORMINV(RAND(),Parámetros!$B$13,Parámetros!$B$14),0)),"") -> 2.3526762 | G14: =IF(B14,IF(E14="INTERVENCIÓN",K13,"Sin intervención"),"") -> 49.583345 | H14: =IF(B14,IF(G14="Sin intervención","Sin intervención",F14+G14),"") -> 51.936021 | I14: =IF(B14,IF(E14="VOTACIÓN",I13,H14),"") -> 51.936021 | J14: =IF(B14,IF(E14="INTERVENCIÓN",RANDBETWEEN(2,5),0),"") -> 5 | K14: =IF(B14,IF(E14="VOTACIÓN",K13,I14+J14),"") -> 56.936021 | L14: =IF(B14,MIN(Parámetros!$B$5-D14,-Parámetros!$B$12*LN(1-RAND())),"") -> 47.083573 | M14: =IF(B14,D14+L14,"") -> 75.889424 | N14: =IF(E14="INTERVENCIÓN",COUNTIFS($D$3:$D$102,"<="&D14,$M$3:$M$102,">="&D14),"-") -> 11 | O14: =IF(E14="INTERVENCIÓN",IF(N14>=Parámetros!$B$7,"SÍ","NO"),"-") -> NO | P14: =IF(E14="INTERVENCIÓN",IF(N14>=Parámetros!$B$7,CHOOSE(RANDBETWEEN(1,2),"APROBADO","NO APROBADO"),"NO APROBADA - Sin quórum"),"-") -> NO APROBADA - Sin quórum
A15: =IF(B15,A14+1,"") -> 13 | B15: =IF(AND(ISNUMBER(D14),D14<Parámetros!$B$5,ISNUMBER(K14),K14<Parámetros!$B$5,A14<MIN(Parámetros!$B$4,Parámetros!$B$10)),1,0) -> 1 | C15: =IF(B15,-Parámetros!$B$11*LN(1-RAND()),"") -> 1.2567804 | D15: =IF(B15,MIN(D14+C15,Parámetros!$B$5),"") -> 30.062631 | E15: =IF(B15,CHOOSE(RANDBETWEEN(1,2),"INTERVENCIÓN","VOTACIÓN"),"") -> INTERVENCIÓN | F15: =IF(B15,ABS(IF(E15="INTERVENCIÓN",NORMINV(RAND(),Parámetros!$B$13,Parámetros!$B$14),0)),"") -> 1.2634387 | G15: =IF(B15,IF(E15="INTERVENCIÓN",K14,"Sin intervención"),"") -> 56.936021 | H15: =IF(B15,IF(G15="Sin intervención","Sin intervención",F15+G15),"") -> 58.19946 | I15: =IF(B15,IF(E15="VOTACIÓN",I14,H15),"") -> 58.19946 | J15: =IF(B15,IF(E15="INTERVENCIÓN",RANDBETWEEN(2,5),0),"") -> 5 | K15: =IF(B15,IF(E15="VOTACIÓN",K14,I15+J15),"") -> 63.19946 | L15: =IF(B15,MIN(Parámetros!$B$5-D15,-Parámetros!$B$12*LN(1-RAND())),"") -> 22.437478 | M15: =IF(B15,D15+L15,"") -> 52.500109 | N15: =IF(E15="INTERVENCIÓN",COUNTIFS($D$3:$D$102,"<="&D15,$M$3:$M$102,">="&D15),"-") -> 12 | O15: =IF(E15="INTERVENCIÓN",IF(N15>=Parámetros!$B$7,"SÍ","NO"),"-") -> NO | P15: =IF(E15="INTERVENCIÓN",IF(N15>=Parámetros!$B$7,CHOOSE(RANDBETWEEN(1,2),"APROBADO","NO APROBADO"),"NO APROBADA - Sin quórum"),"-") -> NO APROBADA - Sin quórum
... A202: =IF(B202,A201+1,"") | B202: =IF(AND(ISNUMBER(D201),D201<Parámetros!$B$5,ISNUMBER(K201),K201<Parámetros!$B$5,A201<MIN(Parámetros!$B$4,Parámetros!$B$10)),1,0) -> 0 | C202: =IF(B202,-Parámetros!$B$11*LN(1-RAND()),"") | D202: =IF(B202,MIN(D201+C202,Parámetros!$B$5),"") | E202: =IF(B202,CHOOSE(RANDBETWEEN(1,2),"INTERVENCIÓN","VOTACIÓN"),"") | F202: =IF(B202,ABS(IF(E202="INTERVENCIÓN",NORMINV(RAND(),Parámetros!$B$13,Parámetros!$B$14),0)),"") | G202: =IF(B202,IF(E202="INTERVENCIÓN",K201,"Sin intervención"),"") | H202: =IF(B202,IF(G202="Sin intervención","Sin intervención",F202+G202),"") | I202: =IF(B202,IF(E202="VOTACIÓN",I201,H202),"") | J202: =IF(B202,IF(E202="INTERVENCIÓN",RANDBETWEEN(2,5),0),"") | K202: =IF(B202,IF(E202="VOTACIÓN",K201,I202+J202),"") | L202: =IF(B202,MIN(Parámetros!$B$5-D202,-Parámetros!$B$12*LN(1-RAND())),"") | M202: =IF(B202,D202+L202,"") | N202: =IF(E202="INTERVENCIÓN",COUNTIFS($D$3:$D$102,"<="&D202,$M$3:$M$102,">="&D202),"-") -> - | O202: =IF(E202="INTERVENCIÓN",IF(N202>=Parámetros!$B$7,"SÍ","NO"),"-") -> - | P202: =IF(E202="INTERVENCIÓN",IF(N202>=Parámetros!$B$7,CHOOSE(RANDBETWEEN(1,2),"APROBADO","NO APROBADO"),"NO APROBADA - Sin quórum"),"-") -> -
